insert into managers (id, first_name, last_name, status, description, created_at, password, role, email)
values ('1763f054-5393-11ee-8c99-0242ac120002', 'Sem', 'Smith', 'ACTIVE', 'manager', '2023-07-07 08:41:08',
        '$2a$12$I4an9qEkoix7pL2FdxJbx.fpCT84jwqmctkNN9xSk3.Nv53zf7f9u', 'admin', 'admin@mail.com'),
       ('caed40d0-5401-11ee-8c99-0242ac120002', 'Judith', 'Clasen', 'ACTIVE', 'manager', '2023-07-15 08:41:08',
        '$2a$12$I4an9qEkoix7pL2FdxJbx.fpCT84jwqmctkNN9xSk3.Nv53zf7f9u', 'admin', 'judithclasen@mail.com'),
       ('f74cf29c-5401-11ee-8c99-0242ac120002', 'Eric', 'Rutten', 'ACTIVE', 'manager', '2023-07-21 08:30:21',
        '$2a$12$I4an9qEkoix7pL2FdxJbx.fpCT84jwqmctkNN9xSk3.Nv53zf7f9u', 'admin', 'ericrutten@mail.com');

insert into transactions (id, debit_account_id, credit_account_id, type, currency_code, amount, description, created_at)
values ('7bf29834-a48b-4e2a-b023-d99e35f3e3b8', '9921c0fa-e9ca-4bd8-b763-abb459a00bd9',
        '53de66be-9648-4545-b399-00970aec0a43', 'TRANSFER', 'EUR', '60960.94', 'pay', '2023-01-30 07:21:32'),
       ('d965c068-4d54-4382-ac62-7f2db627dc6c', 'f3deef15-86da-46ec-9d27-8305dc37e6a4',
        'd62c0f9c-50b4-48ab-96b9-7c81dd04ac48', 'TRANSFER', 'USD', '4045.12', 'pay', '2023-06-12 09:47:31'),
       ('21772977-4026-47ca-b124-523a489307ee', '6b6eb8fd-64c5-457f-be98-edb1a54fbbcd',
        'ea1e1733-bb66-4b6c-ace8-096226960ff1', 'PAYMENT', 'PLN', '161177.41', 'pay', '2022-09-29 21:48:21'),
       ('556330ef-b019-4744-923e-cffe7c7e5cd4', '96b99d2e-0621-472b-b354-5e6811605f6e',
        'f68a90a0-d3b0-4479-bda4-4acb7513b0b3', 'PAYMENT', 'UAH', '221279.53', 'pay', '2023-07-29 05:08:45'),
       ('4a553542-8635-4932-9174-b2c95b13ba41', '5308ec41-c4c2-46ec-8831-d20e417e0f6c',
        '80753c19-2d26-434a-8eef-b13a5caaa5c1', 'TRANSFER', 'USD', '150870.17', 'pay', '2023-01-16 09:21:20'),
       ('84c25db6-9567-4ce2-b3dd-9d15eda3ba8d', '5308ec41-c4c2-46ec-8831-d20e417e0f6c',
        '9921c0fa-e9ca-4bd8-b763-abb459a00bd9', 'TRANSFER', 'UAH', '341767.50', 'pay', '2023-04-28 03:30:29'),
       ('03c5b0de-81b9-45eb-b96f-a552793f4609', '5308ec41-c4c2-46ec-8831-d20e417e0f6c',
        '80753c19-2d26-434a-8eef-b13a5caaa5c1', 'CASH', 'PLN', '386330.62', 'pay', '2023-02-26 09:26:12'),
       ('beb33708-8d7f-4981-b2a5-dffc0f4896f4', '6b6eb8fd-64c5-457f-be98-edb1a54fbbcd',
        'f68a90a0-d3b0-4479-bda4-4acb7513b0b3', 'CASH', 'UAH', '299913.75', 'pay', '2022-11-23 10:46:07'),
       ('1dff4564-f89c-45cf-9118-abe22c021aac', 'ea1e1733-bb66-4b6c-ace8-096226960ff1',
        '9921c0fa-e9ca-4bd8-b763-abb459a00bd9', 'TRANSFER', 'EUR', '266281.59', 'pay', '2022-11-04 10:01:01'),
       ('88a771b4-a341-4acc-a78d-d13ee6adb5da', '80753c19-2d26-434a-8eef-b13a5caaa5c1',
        'f3deef15-86da-46ec-9d27-8305dc37e6a4', 'DEPOSIT', 'USD', '498702.03', 'pay', '2022-10-19 08:44:50'),
       ('1e443fdf-59c6-4a2e-8533-444867f542d8', '80753c19-2d26-434a-8eef-b13a5caaa5c1',
        '9921c0fa-e9ca-4bd8-b763-abb459a00bd9', 'DEPOSIT', 'PLN', '29871.06', 'pay', '2022-09-27 08:23:11'),
       ('beeb4671-fc55-4aab-91ab-8ca891bcbb73', 'ea1e1733-bb66-4b6c-ace8-096226960ff1',
        '5308ec41-c4c2-46ec-8831-d20e417e0f6c', 'PAYMENT', 'UAH', '363879.42', 'pay', '2022-11-21 13:38:50'),
       ('f6953ab9-7bdb-413b-b253-7e150790e8c4', 'f68a90a0-d3b0-4479-bda4-4acb7513b0b3',
        '5308ec41-c4c2-46ec-8831-d20e417e0f6c', 'PAYMENT', 'UAH', '421997.99', 'pay', '2023-05-07 17:46:59'),
       ('50fc3cab-be14-42b9-95b6-f307ee47e044', 'f68a90a0-d3b0-4479-bda4-4acb7513b0b3',
        '53de66be-9648-4545-b399-00970aec0a43', 'DEPOSIT', 'USD', '82251.46', 'pay', '2022-12-14 07:42:36'),
       ('73df0c80-9a92-4a3b-8ce3-d06ab7554cbc', 'ea1e1733-bb66-4b6c-ace8-096226960ff1',
        '80753c19-2d26-434a-8eef-b13a5caaa5c1', 'CASH', 'USD', '65039.99', 'pay', '2022-09-24 13:09:52'),
       ('4028ae0b-a98c-4e6d-b92f-4455e01ccbbd', '6b6eb8fd-64c5-457f-be98-edb1a54fbbcd',
        '96b99d2e-0621-472b-b354-5e6811605f6e', 'TRANSFER', 'USD', '495875.28', 'pay', '2023-01-03 01:57:07'),
       ('3818328c-4d4f-48dd-92d2-3095dcb9bafa', 'f3deef15-86da-46ec-9d27-8305dc37e6a4',
        '80753c19-2d26-434a-8eef-b13a5caaa5c1', 'TRANSFER', 'EUR', '254405.29', 'pay', '2023-06-22 10:59:55'),
       ('d52517d7-5f44-481d-bb0e-9befdd36270f', 'f3deef15-86da-46ec-9d27-8305dc37e6a4',
        'd62c0f9c-50b4-48ab-96b9-7c81dd04ac48', 'PAYMENT', 'USD', '417422.35', 'pay', '2023-01-20 11:24:11'),
       ('aa0ec757-afcf-4a7d-a96a-41075f98221b', '6b6eb8fd-64c5-457f-be98-edb1a54fbbcd',
        '96b99d2e-0621-472b-b354-5e6811605f6e', 'DEPOSIT', 'PLN', '225734.01', 'pay', '2023-06-26 16:59:14');

insert into clients (id, manager_id, status, tax_code, first_name, last_name, email, address, phone, created_at,
                     updated_at, password, role)
values ('9921c0fa-e9ca-4bd8-b763-abb459a00bd9', '1763f054-5393-11ee-8c99-0242ac120002', 'ACTIVE', '1234567899', 'Chandler',
        'Spawforth', 'user@mail.com', '1782 Artisan Pass', '495-203-2229', '2022-12-23 18:04:24',
        '2023-03-24 09:11:11', '$2a$12$I4an9qEkoix7pL2FdxJbx.fpCT84jwqmctkNN9xSk3.Nv53zf7f9u', 'user'),
       ('53de66be-9648-4545-b399-00970aec0a43', '1763f054-5393-11ee-8c99-0242ac120002', 'ACTIVE', '3216549877', 'Jimmie',
        'Pinnere', 'jpinnere1@globo.com', '1143 Coleman Street', '393-236-6107', '2022-06-21 15:50:14',
        '2022-11-17 06:48:05', '$2a$12$I4an9qEkoix7pL2FdxJbx.fpCT84jwqmctkNN9xSk3.Nv53zf7f9u', 'user'),
       ('f3deef15-86da-46ec-9d27-8305dc37e6a4', 'caed40d0-5401-11ee-8c99-0242ac120002', 'ACTIVE', '9874563211', 'Cecilla',
        'Tapley', 'ctapley2@bigcartel.com', '94856 Village Green Plaza', '617-320-1724', '2022-11-01 07:28:29',
        '2023-09-12 06:16:40', '$2a$12$I4an9qEkoix7pL2FdxJbx.fpCT84jwqmctkNN9xSk3.Nv53zf7f9u', 'user'),
       ('d62c0f9c-50b4-48ab-96b9-7c81dd04ac48', 'f74cf29c-5401-11ee-8c99-0242ac120002', 'ACTIVE', '2213654789', 'Gabey',
        'Gallelli', 'ggallelli3@telegraph.co.uk', '27766 Declaration Parkway', '554-650-2593', '2022-11-15 22:44:10',
        '2023-01-26 03:33:37', '$2a$12$I4an9qEkoix7pL2FdxJbx.fpCT84jwqmctkNN9xSk3.Nv53zf7f9u', 'user'),
       ('6b6eb8fd-64c5-457f-be98-edb1a54fbbcd', '1763f054-5393-11ee-8c99-0242ac120002', 'ACTIVE', '3321456987', 'Elwin',
        'Huikerby', 'ehuikerby4@pbs.org', '58722 Shasta Trail', '213-963-7709', '2022-11-05 11:30:47',
        '2023-09-19 23:12:37', '$2a$12$I4an9qEkoix7pL2FdxJbx.fpCT84jwqmctkNN9xSk3.Nv53zf7f9u', 'user'),
       ('ea1e1733-bb66-4b6c-ace8-096226960ff1', 'f74cf29c-5401-11ee-8c99-0242ac120002', 'ACTIVE', '5523164987', 'Janos',
        'Wandless', 'jwandless5@github.io', '68614 Loftsgordon Avenue', '629-169-2677', '2022-09-19 15:11:44',
        '2023-05-26 04:12:51', '$2a$12$I4an9qEkoix7pL2FdxJbx.fpCT84jwqmctkNN9xSk3.Nv53zf7f9u', 'user'),
       ('96b99d2e-0621-472b-b354-5e6811605f6e', 'caed40d0-5401-11ee-8c99-0242ac120002', 'PENDING', '6632154987', 'Hew',
        'Foottit', 'hfoottit6@phpbb.com', '278 Sutherland Terrace', '359-900-2486', '2022-12-11 12:26:00',
        '2023-08-09 06:48:37', '$2a$12$I4an9qEkoix7pL2FdxJbx.fpCT84jwqmctkNN9xSk3.Nv53zf7f9u', 'user'),
       ('f68a90a0-d3b0-4479-bda4-4acb7513b0b3', 'caed40d0-5401-11ee-8c99-0242ac120002', 'ACTIVE', '9665874123', 'Katharyn',
        'Dunlop', 'kdunlop7@ning.com', '08470 Judy Street', '362-315-5286', '2022-10-09 00:55:14',
        '2023-01-27 18:53:04', '$2a$12$I4an9qEkoix7pL2FdxJbx.fpCT84jwqmctkNN9xSk3.Nv53zf7f9u', 'user'),
       ('5308ec41-c4c2-46ec-8831-d20e417e0f6c', '1763f054-5393-11ee-8c99-0242ac120002', 'ACTIVE', '8775364129', 'Datha',
        'Undrill', 'dundrill8@buzzfeed.com', '9986 Kingsford Parkway', '978-991-8213', '2022-11-21 10:28:19',
        '2023-04-28 05:17:16', '$2a$12$I4an9qEkoix7pL2FdxJbx.fpCT84jwqmctkNN9xSk3.Nv53zf7f9u', 'user'),
       ('80753c19-2d26-434a-8eef-b13a5caaa5c1', 'f74cf29c-5401-11ee-8c99-0242ac120002', 'ACTIVE', '1159357468', 'Goddart',
        'Collopy', 'gcollopy9@devhub.com', '1 Ryan Circle', '619-596-0826', '2022-10-01 03:08:00',
        '2023-06-09 16:33:53', '$2a$12$I4an9qEkoix7pL2FdxJbx.fpCT84jwqmctkNN9xSk3.Nv53zf7f9u', 'user');

insert into accounts (id, client_id, name, type, status, balance, currency_code, created_at, updated_at)
values ('0c70afa1-c654-471d-9cb2-437ac289d62c', '9921c0fa-e9ca-4bd8-b763-abb459a00bd9', 'ChandlerSpawforth_debit', 'DEPOSIT',
        'ACTIVE', '1317.00', 'EUR', '2023-04-13 17:08:55', '2023-01-09 14:01:52'),
       ('dcad79c4-ad82-4e46-af53-728cfd92c22e', '9921c0fa-e9ca-4bd8-b763-abb459a00bd9', 'ChandlerSpawforth_credit', 'CREDIT',
        'ACTIVE', '1065.25', 'EUR', '2022-12-14 07:56:04', '2022-10-20 13:38:55'),
       ('b9f69f21-b390-4783-b5f1-3c700be89bc4', '53de66be-9648-4545-b399-00970aec0a43', 'JimmiePinnere_debit', 'DEPOSIT', 'ACTIVE',
        '2579.02', 'EUR', '2023-01-11 05:30:07', '2023-02-01 16:25:28'),
       ('8afd7502-1e80-4d11-9cc3-623d00cd73c8', '53de66be-9648-4545-b399-00970aec0a43', 'JimmiePinnere_credit', 'CREDIT',
        'ACTIVE', '2744.55', 'EUR', '2023-01-01 23:17:50', '2023-09-09 14:43:05'),
       ('5bf54fcd-9a6c-4727-aac6-f3101b2555fa', 'f3deef15-86da-46ec-9d27-8305dc37e6a4', 'CecillaTapley_debit', 'DEPOSIT', 'ACTIVE',
        '3180.00', 'EUR', '2023-01-22 19:19:34', '2022-11-20 15:26:20'),
       ('648ac698-6a22-41e3-ae47-83950c1bf8f7', 'f3deef15-86da-46ec-9d27-8305dc37e6a4', 'CecillaTapley_credit', 'CREDIT',
        'PENDING', '8215.00', 'USD', '2023-03-16 12:02:25', '2023-06-26 15:10:35'),
       ('4864f038-580e-452e-a661-8a49f0e11cd9', 'd62c0f9c-50b4-48ab-96b9-7c81dd04ac48', 'GabeyGallelli_debit', 'DEPOSIT', 'BLOCKED',
        '4770.99', 'EUR', '2023-04-30 20:26:09', '2023-07-23 21:34:41'),
       ('3d81b9ce-486f-4f3c-b420-6f61d1e2a5e1', 'd62c0f9c-50b4-48ab-96b9-7c81dd04ac48', 'GabeyGallelli_credit', 'CREDIT',
        'PENDING', '5149.87', 'EUR', '2023-01-18 01:46:20', '2023-07-14 18:31:03'),
       ('a5715090-d6f7-49e9-8b65-505284bf8ade', '6b6eb8fd-64c5-457f-be98-edb1a54fbbcd', 'ElwinHuikerby_debit', 'DEPOSIT', 'PENDING',
        '1751.66', 'EUR', '2022-10-24 03:10:00', '2023-08-24 21:57:00'),
       ('fea5f09c-3079-4bb7-ad16-f131575311a1', '6b6eb8fd-64c5-457f-be98-edb1a54fbbcd', 'ElwinHuikerby_credit', 'CREDIT',
        'ACTIVE', '5663.22', 'USD', '2022-09-30 05:59:29', '2022-11-09 01:36:34'),
       ('b3ce2779-8dbf-487f-b43e-b7af5c1dac97', 'ea1e1733-bb66-4b6c-ace8-096226960ff1', 'JanosWandless_debit', 'DEPOSIT', 'BLOCKED',
        '970.00', 'EUR', '2023-09-10 15:36:11', '2023-07-03 18:10:22'),
       ('74569a26-74ec-4a34-bd52-ed767a2088ed', 'ea1e1733-bb66-4b6c-ace8-096226960ff1', 'JanosWandless_debit', 'CREDIT', 'ACTIVE',
        '3225.90', 'EUR', '2023-03-14 19:29:03', '2023-07-02 08:02:57'),
       ('23a1d7a0-995f-44d2-b401-c56e1b2c6023', '96b99d2e-0621-472b-b354-5e6811605f6e', 'HewFoottit_debit', 'DEPOSIT', 'ACTIVE',
        '6965.99', 'EUR', '2022-09-30 15:24:15', '2023-07-28 18:45:19'),
       ('1988df57-77ed-4e1f-863c-0de8997c90a3', '96b99d2e-0621-472b-b354-5e6811605f6e', 'HewFoottit_credit', 'CREDIT', 'REMOVED',
        '1731.55', 'EUR', '2022-10-20 13:55:45', '2023-03-06 11:35:20'),
       ('df2de6a0-1723-486a-a3e6-07d31e638df5', 'f68a90a0-d3b0-4479-bda4-4acb7513b0b3', 'KatharynDunlop_debit', 'DEPOSIT',
        'ACTIVE', '4295.00', 'USD', '2022-12-19 05:37:09', '2023-03-26 15:59:49'),
       ('ab30d77e-4ae2-4708-8a92-40f391119f0c', 'f68a90a0-d3b0-4479-bda4-4acb7513b0b3', 'KatharynDunlop_credit', 'CREDIT',
        'ACTIVE', '9668.33', 'EUR', '2022-09-17 05:52:52', '2023-04-22 15:04:34'),
       ('602f0704-d25d-4e8b-b559-4ce7c555df93', '5308ec41-c4c2-46ec-8831-d20e417e0f6c', 'DathaUndrill_debit', 'DEPOSIT', 'PENDING',
        '5709.00', 'EUR', '2023-01-30 17:38:10', '2023-01-13 12:29:21'),
       ('15bcd4db-3783-4137-a8e0-d8d2e4b0e8de', '5308ec41-c4c2-46ec-8831-d20e417e0f6c', 'DathaUndrill_credit', 'CREDIT', 'PENDING',
        '5638.99', 'EUR', '2023-09-01 14:42:38', '2023-03-29 05:42:12'),
       ('cad16388-2f41-448f-a991-aa75b13dd005', '80753c19-2d26-434a-8eef-b13a5caaa5c1', 'GoddartCollopy_debit', 'DEPOSIT',
        'ACTIVE', '3090.00', 'EUR', '2023-03-07 08:34:57', '2023-01-15 14:44:00'),
       ('48b0b263-aae2-421c-862c-8aa2082d9fdc', '80753c19-2d26-434a-8eef-b13a5caaa5c1', 'GoddartCollopy_credit', 'CREDIT',
        'ACTIVE', '3644.00', 'EUR', '2022-09-28 16:18:43', '2023-07-22 15:00:04');
        
insert into products (id, manager_id, name, status, currency_code, interest_rate, limit_sum, created_at, updated_at)
values ('261241cb-f206-4b29-a779-6fe116538763', '1763f054-5393-11ee-8c99-0242ac120002', 'credit', 'ACTIVE', 'EUR', '2.75',
        '100000', '2023-03-20 03:07:52', '2023-05-18 13:14:42'),
       ('06c2f173-4fac-4520-8666-58c379171019', 'caed40d0-5401-11ee-8c99-0242ac120002', 'deposit', 'ACTIVE', 'EUR', '3.5',
        '1000000000', '2022-11-05 02:21:36', '2023-04-10 18:28:07'),
       ('b94c7073-f7c7-454e-8ca7-0180e8f580d1', 'f74cf29c-5401-11ee-8c99-0242ac120002', 'current', 'ACTIVE', 'EUR', '6.8',
        '150000', '2022-11-16 00:31:47', '2023-03-03 12:23:27');

insert into agreements (id, account_id, product_id, interest_rate, status, sum, created_at, updated_at)
values ('416c806e-769e-45f9-8aea-8c2527da7fa5', '0c70afa1-c654-471d-9cb2-437ac289d62c',
        '261241cb-f206-4b29-a779-6fe116538763', '2.75', 'PENDING', '50000', '2023-08-31 09:03:01', '2023-06-25 16:57:23'),
       ('5c94ee3a-b0e4-4fcd-b7ab-008aa7e19c80', 'dcad79c4-ad82-4e46-af53-728cfd92c22e',
        '06c2f173-4fac-4520-8666-58c379171019', '3.5', 'ACTIVE', '200000', '2023-02-16 17:23:19', '2023-03-05 03:07:14'),
       ('4aa7280b-4f18-47cc-9af4-3afbbb1b21a9', 'b9f69f21-b390-4783-b5f1-3c700be89bc4',
        '261241cb-f206-4b29-a779-6fe116538763', '2.75', 'ACTIVE', '30000', '2023-03-16 23:48:02', '2022-11-16 18:40:06'),
       ('d9816e3a-2191-4c99-8e07-6bb4d744faa9', '8afd7502-1e80-4d11-9cc3-623d00cd73c8',
        '06c2f173-4fac-4520-8666-58c379171019', '3.5', 'ACTIVE', '100000', '2022-12-21 12:02:02', '2023-03-22 05:35:25'),
       ('fcf9bb04-e2f9-4e93-89fd-1fd22ed6b23b', '5bf54fcd-9a6c-4727-aac6-f3101b2555fa',
        '261241cb-f206-4b29-a779-6fe116538763', '2.75', 'ACTIVE', '10000', '2023-03-26 13:02:21', '2022-10-09 09:58:42'),
       ('6f302655-6c46-4478-9262-2a3befbcbaef', '648ac698-6a22-41e3-ae47-83950c1bf8f7',
        'b94c7073-f7c7-454e-8ca7-0180e8f580d1', '6.8', 'PENDING', '5000', '2023-06-17 15:51:39', '2022-12-06 21:21:35'),
       ('b7994583-cff9-4586-9055-90911b5c7fa1', '4864f038-580e-452e-a661-8a49f0e11cd9',
        '06c2f173-4fac-4520-8666-58c379171019', '3.5', 'ACTIVE', '23000', '2023-04-27 04:13:33', '2022-11-23 11:18:13'),
       ('e54cf232-5992-4a8a-a914-98165ab84e6c', '3d81b9ce-486f-4f3c-b420-6f61d1e2a5e1',
        '261241cb-f206-4b29-a779-6fe116538763', '2.75', 'PENDING', '15000', '2023-04-29 23:11:41', '2022-11-21 13:13:59'),
       ('76036b63-e950-403e-b9c6-c4739e97c8e2', 'a5715090-d6f7-49e9-8b65-505284bf8ade',
        'b94c7073-f7c7-454e-8ca7-0180e8f580d1', '6.8', 'PENDING', '15000', '2023-07-21 00:03:20', '2023-07-15 23:20:54'),
       ('660f0a2c-56d1-4ad4-a3c4-ea25bdb2a7b4', 'fea5f09c-3079-4bb7-ad16-f131575311a1',
        '06c2f173-4fac-4520-8666-58c379171019', '3.5', 'PENDING', '10000', '2022-11-09 10:14:39', '2022-11-27 05:42:03'),
       ('08cfc212-f9a8-4485-82e7-5ce483afe809', 'b3ce2779-8dbf-487f-b43e-b7af5c1dac97',
        'b94c7073-f7c7-454e-8ca7-0180e8f580d1', '6.8', 'ACTIVE', '25000', '2022-10-18 19:16:53', '2023-08-04 13:22:29'),
       ('db96bd52-ccb1-4985-84c4-37fecca17434', '74569a26-74ec-4a34-bd52-ed767a2088ed',
        '261241cb-f206-4b29-a779-6fe116538763', '2.75', 'ACTIVE', '2500', '2023-02-25 19:26:34', '2023-04-16 20:15:42'),
       ('fc16b182-3dfa-4890-8b70-c4b893f000de', '23a1d7a0-995f-44d2-b401-c56e1b2c6023',
        'b94c7073-f7c7-454e-8ca7-0180e8f580d1', '6.8', 'ACTIVE', '30000', '2023-03-06 00:51:05', '2023-03-23 12:54:54'),
       ('66f404f2-b569-4598-a3e2-1ae4c7c725bb', '1988df57-77ed-4e1f-863c-0de8997c90a3',
        'b94c7073-f7c7-454e-8ca7-0180e8f580d1', '6.8', 'ACTIVE', '100000', '2022-10-17 14:23:03', '2023-05-26 16:07:51'),
       ('4e54ae58-f04b-4667-a21d-2b2e4da805ff', 'df2de6a0-1723-486a-a3e6-07d31e638df5',
        '06c2f173-4fac-4520-8666-58c379171019', '3.5', 'ACTIVE', '15000', '2023-09-10 23:31:58', '2023-09-09 23:32:00'),
       ('6b583c63-f711-448a-9731-377de4a83252', 'ab30d77e-4ae2-4708-8a92-40f391119f0c',
        '06c2f173-4fac-4520-8666-58c379171019', '3.5', 'ACTIVE', '35000', '2022-12-08 01:14:30', '2023-04-12 00:10:18'),
       ('bdd53ea3-c78f-4309-9c95-b7a500f31ff8', '602f0704-d25d-4e8b-b559-4ce7c555df93',
        'b94c7073-f7c7-454e-8ca7-0180e8f580d1', '6.8', 'ACTIVE', '6200', '2022-11-12 13:27:42', '2022-10-26 02:54:12'),
       ('e36a6884-ee60-405c-a8cf-74a8e35750b0', '15bcd4db-3783-4137-a8e0-d8d2e4b0e8de',
        '261241cb-f206-4b29-a779-6fe116538763', '2.75', 'ACTIVE', '35000', '2023-08-16 12:43:38', '2023-06-11 21:02:34'),
       ('720e30c1-81a7-486f-b13e-21eb338c5338', 'cad16388-2f41-448f-a991-aa75b13dd005',
        'b94c7073-f7c7-454e-8ca7-0180e8f580d1', '6.8', 'ACTIVE', '4500', '2022-11-07 14:24:29', '2023-03-14 04:02:35'),
       ('60de43ac-02da-4fb5-ac12-d0224c5af2d9', '48b0b263-aae2-421c-862c-8aa2082d9fdc',
        '261241cb-f206-4b29-a779-6fe116538763', '2.75', 'ACTIVE', '63000', '2023-01-13 01:44:33', '2023-04-21 22:15:13');

insert into users (id, email, password, role, status)
values ('dedca426-1008-42ca-9e8e-7afcbce3484e', 'admin@mail.com',
        '$2a$12$rHcDTMyX6Q5wler2QjjMAOgjc9wKSIpyAlRd6d3vaxZV2EkilbMEC', 'admin', 'ACTIVE'),
       ('b4316220-a089-4e43-ab8b-f17a6858c50c', 'judithclasen@mail.com',
        '$2a$12$I4an9qEkoix7pL2FdxJbx.fpCT84jwqmctkNN9xSk3.Nv53zf7f9u', 'admin', 'ACTIVE'),
       ('a1daad13-aa00-4d1c-8c06-f30d3f0aade4', 'ericrutten@mail.com',
        '$2a$12$I4an9qEkoix7pL2FdxJbx.fpCT84jwqmctkNN9xSk3.Nv53zf7f9u', 'admin', 'ACTIVE'),
       ('68612cea-b65e-4a40-ba18-5482010cb96d', 'user@mail.com',
        '$2a$12$XDnyXOxu08VePcFGNKXHsuF52dlb5rOHpTU6gXbuESVNI6j5XH2lK', 'user', 'ACTIVE'),
       ('dc93f0ae-ab19-403c-865d-8e52dcb04751', 'jpinnere1@globo.com',
        '$2a$12$I4an9qEkoix7pL2FdxJbx.fpCT84jwqmctkNN9xSk3.Nv53zf7f9u', 'user', 'ACTIVE'),
       ('48d26e8c-a41e-44fe-9ff3-c819f4d61503', 'ctapley2@bigcartel.com',
        '$2a$12$I4an9qEkoix7pL2FdxJbx.fpCT84jwqmctkNN9xSk3.Nv53zf7f9u', 'user', 'ACTIVE'),
       ('24bd9573-f73e-4851-94f9-eed5a4ca6edf', 'ggallelli3@telegraph.co.uk',
        '$2a$12$I4an9qEkoix7pL2FdxJbx.fpCT84jwqmctkNN9xSk3.Nv53zf7f9u', 'user', 'ACTIVE'),
       ('b4bb7b17-c5a1-475e-bb4a-0a6fd50533ba', 'ehuikerby4@pbs.org',
        '$2a$12$I4an9qEkoix7pL2FdxJbx.fpCT84jwqmctkNN9xSk3.Nv53zf7f9u', 'user', 'ACTIVE'),
       ('f661e4cd-8a0f-43d4-acc2-9b2cbe51e0a3', 'jwandless5@github.io',
        '$2a$12$I4an9qEkoix7pL2FdxJbx.fpCT84jwqmctkNN9xSk3.Nv53zf7f9u', 'user', 'ACTIVE'),
       ('fefd6501-8036-479b-b15a-b6951b6fb4a9', 'hfoottit6@phpbb.com',
        '$2a$12$I4an9qEkoix7pL2FdxJbx.fpCT84jwqmctkNN9xSk3.Nv53zf7f9u', 'user', 'PENDING'),
       ('6a6b8ffc-eb57-4127-8598-153ad63e117c', 'kdunlop7@ning.com',
        '$2a$12$I4an9qEkoix7pL2FdxJbx.fpCT84jwqmctkNN9xSk3.Nv53zf7f9u', 'user', 'ACTIVE'),
       ('e6165088-d48a-44b0-9bad-c2123af90035', 'dundrill8@buzzfeed.com',
        '$2a$12$I4an9qEkoix7pL2FdxJbx.fpCT84jwqmctkNN9xSk3.Nv53zf7f9u', 'user', 'ACTIVE'),
       ('e66a2951-eb3e-4ff4-a9c6-9ad0e5e17fe5', 'gcollopy9@devhub.com',
        '$2a$12$I4an9qEkoix7pL2FdxJbx.fpCT84jwqmctkNN9xSk3.Nv53zf7f9u', 'user', 'ACTIVE');



